Ticker,Name,Price,P/E (KGV),P/B (KBV),Umsatz ($B),Alpheon Score,Dividendenrendite (%)
LRCX,Lam Research Corporation,347.49,59.197613,34.86405,434.857443328,20.0,38.0
OT,OT,0.0,0.0,0.0,0.0,50.0,0.0
MSFT,Microsoft Corporation,517.53,28.57703,8.688492,3842.942959616,40.0,76.0
SHL.DE,Siemens Healthineers AG       N,37.86,19.218275,2.2098997,42.37287424,70.0,2.64
GS,"Goldman Sachs Group, Inc. (The)",902.56,13.851441,2.492922,262.799654912,80.0,2.22
000660.KS,SK hynix,1841000.0,0.0,0.0,1306842.852491264,55.0,8.0
OR.PA,L'OREAL,372.75,31.642614,5.8642607,198.545227776,55.0,1.93
AMD,"Advanced Micro Devices, Inc.",633.91,156.13547,15.389525,1034.842210304,15.0,0.0
CRM,"Salesforce, Inc.",234.69,21.69039,5.03281,193.149878272,60.0,75.0
9432.T,NTT INC,169.9,13.4734335,1.4033203,13750.518153216,90.0,3.18
GIS,"General Mills, Inc.",32.01,0.0,2.318557,17.115334656,65.0,7.62
HSBA.L,HSBC HOLDINGS PLC ORD $0.50 (UK,1442.2,13.605661,1.9354787,246.711205888,80.0,3.86
PAH3.DE,Porsche Automobil Holding SE  I,24.53,79.129036,0.21027638,7.51231232,55.0,6.16
SAN.PA,SANOFI,70.81,21.9226,1.2258288,84.83524608,80.0,5.82
HON,Honeywell International Inc.,213.99,8.217742,3.658762,67.821993984,80.0,1.31
UT,UT,0.0,0.0,0.0,0.0,50.0,0.0
WM,"Waste Management, Inc.",204.45,28.917963,8.238968,81.721769984,40.0,1.85
CSCO,"Cisco Systems, Inc.",112.2,33.693695,8.804833,442.358235136,40.0,1.5
K,K,0.0,0.0,0.0,0.0,50.0,0.0
PGR,Progressive Corporation (The),210.31,10.547141,3.5589664,122.063921152,70.0,19.0
ORCL,Oracle Corporation,142.3,21.659056,6.9611588,431.382593536,45.0,1.41
TT,Trane Technologies plc,463.91,34.594334,11.851975,102.070960128,40.0,91.0
DT,"Dynatrace, Inc.",59.32,118.64,7.027603,17.216376832,15.0,0.0
8306.T,MITSUBISHI UFJ FINANCIAL GROUP ,3544.0,14.992808,1.7573019,39890.43150848,80.0,2.71
6501.T,HITACHI,5522.0,31.250708,3.767501,24658.841698304,55.0,1.01
8031.T,MITSUI & CO,4902.0,16.863325,1.5473466,13932.176605184,70.0,2.86
TLS.AX,TELSTRA FPO [TLS],4.83,24.15,4.2743363,0.0,60.0,4.35
CLX,Clorox Company (The),80.41,16.787058,108.07796,9.72406272,45.0,6.22
BAS.DE,BASF SE                       N,49.925,20.802082,1.1920395,42.981527552,80.0,4.51
VOW3.DE,VOLKSWAGEN AG                 V,67.48,6.4697986,0.19292128,33.827405824,100.0,7.79
BRK-B,Berkshire Hathaway Inc. New,502.65,12.642103,0.0009625145,1076.02771968,85.0,0.0
WES.AX,WESFARMER FPO [WES],76.22,30.126484,11.014451,86.531244032,40.0,2.91
JNJ,Johnson & Johnson,256.03,30.015242,7.2562633,617.006301184,40.0,2.09
AAPL,Apple Inc.,333.69,38.31114,45.338314,4869.931925504,40.0,32.0
AIR.PA,AIRBUS SE,189.3,25.172873,5.790584,149.82725632,55.0,1.69
BP.L,BP PLC $0.25,557.8,21.453848,1.9963875,86.193635328,70.0,4.49
ORLY,"O'Reilly Automotive, Inc.",84.9,26.952381,-37.75011,68.680769536,50.0,0.0
WBC.AX,WESTPAC FPO [WBC],34.32,16.906404,1.6562907,117.199618048,70.0,4.49
USB,U.S. Bancorp,57.51,11.456175,1.4779882,89.603538944,90.0,3.76
TGT,Target Corporation,156.0,16.182571,3.97179,70.870294528,60.0,2.97
BAC,Bank of America Corporation,53.75,12.413395,1.3662244,375.860232192,90.0,2.38
NOC,Northrop Grumman Corporation,478.0,15.315604,3.797026,67.906125824,60.0,2.07
HSY,The Hershey Company,160.19,21.735415,7.054032,32.186281984,45.0,3.63
APD,"Air Products and Chemicals, Inc",277.57,0.0,4.4520187,61.810827264,55.0,2.61
NVDA,NVIDIA Corporation,233.95,29.17082,24.670464,5649.190617088,40.0,43.0
QT,QT,0.0,0.0,0.0,0.0,50.0,0.0
PNC,"PNC Financial Services Group, I",221.03,12.151181,1.5189602,88.17852416,80.0,3.62
BEI.DE,BEIERSDORF AG                 I,75.4,17.534883,1.8269488,16.4426752,70.0,1.33
DIS,Walt Disney Company (The),102.19,20.89775,1.6067104,176.450125824,70.0,1.47
4063.T,SHIN-ETSU CHEMICAL CO,6030.0,23.866064,2.4599583,10944.840204288,70.0,1.92
BN.PA,DANONE,59.12,19.576159,2.1597924,38.078922752,70.0,3.81
INTC,Intel Corporation,119.33,0.0,6.874244,630.790946816,35.0,0.0
VRTX,Vertex Pharmaceuticals Incorpor,504.73,29.499123,6.315362,127.929335808,35.0,0.0
UNH,UnitedHealth Group Incorporated,371.9,23.916397,3.4187956,333.815513088,60.0,2.5
ICE,Intercontinental Exchange Inc.,150.15,21.358461,2.850444,84.293378048,70.0,1.39
SU.PA,SCHNEIDER ELECTRIC SE,303.0,35.68905,6.9650373,170.680254464,40.0,1.39
SO,Southern Company (The),83.72,20.173494,2.4338624,96.308396032,70.0,3.63
TJX,"TJX Companies, Inc. (The)",132.68,24.570368,14.093903,145.944543232,45.0,1.45
NOW,"ServiceNow, Inc.",134.38,86.14103,11.100282,138.930388992,15.0,0.0
ISRG,"Intuitive Surgical, Inc.",391.95,46.05758,7.6346955,140.427083776,15.0,0.0
PEP,"Pepsico, Inc.",125.89,16.477749,7.7820363,171.965743104,45.0,4.7
6758.T,SONY GROUP CORPORATION,3753.0,20.121166,2.63337,21937.535320064,70.0,93.0
UAL,"United Airlines Holdings, Inc.",112.51,10.534644,2.1871657,36.517339136,75.0,0.0
KT,KT Corporation,18.94,9.47,0.6608634,9.020433408,100.0,4.3
AIR.DE,Airbus SE                     A,189.36,25.180851,5.7924194,149.874753536,55.0,1.69
HEI.DE,Heidelberg Materials AG       I,148.4,12.915579,1.4000791,26.08900096,90.0,2.43
AZN.L,ASTRAZENECA PLC ORD SHS $0.25,11870.0,23.551586,4.8418927,184.09250816,60.0,2.01
ALV.DE,Allianz SE                    v,416.2,13.650377,2.5022545,0.0,80.0,4.11
XT,iShares Future Exponential Tech,84.31,29.87079,0.0,0.0,55.0,97.0
RWE.DE,RWE AG                        I,59.1,13.104212,1.0599756,46.09712128,90.0,2.03
9984.T,SOFTBANK GROUP CORP,6310.0,7.230683,1.9728171,35960.209276928,90.0,17.0
6861.T,KEYENCE CORP,80270.0,43.668194,5.485747,19467.492917248,35.0,69.0
EQIX,"Equinix, Inc.",1025.72,64.91898,7.037192,101.209522176,20.0,2.01
O,Realty Income Corporation,54.13,38.942448,1.2950381,51.218784256,75.0,6.02
SAP.DE,SAP SE                        I,183.92,27.532934,4.744486,212.281245696,55.0,1.36
MC.PA,LVMH,378.55,17.253874,2.741209,186.611974144,70.0,3.43
MUV2.DE,MUENCHENER RUECKVERS.-GES. AG N,508.6,9.275944,1.9066542,63.989235712,90.0,4.72
GOOGL,Alphabet Inc.,343.5,17.243977,6.749057,4200.982642688,45.0,26.0
ST,Sensata Technologies Holding pl,43.51,70.177414,2.1401868,6.33226496,45.0,1.1
CMCSA,Comcast Corporation,21.57,6.9134617,0.8521986,76.544090112,100.0,6.12
MCD,McDonald's Corporation,231.89,18.83753,-160.36653,164.095000576,60.0,3.33
LLOY.L,LLOYDS BANKING GROUP PLC ORD 10,104.0,13.0,1.4565827,59.80872704,90.0,3.86
SPGI,S&P Global Inc.,386.27,23.639534,3.6148984,113.872396288,60.0,1.0
CCL,Carnival Corporation Ltd.,25.76,11.348018,2.7253492,34.637160448,80.0,1.75
GE,GE Aerospace,309.56,36.50472,18.208342,321.18784,40.0,61.0
LIN,Linde plc,479.48,30.308472,5.6557126,221.030776832,55.0,1.33
WMT,Walmart Inc.,104.26,37.775364,8.429137,829.70935296,40.0,95.0
ANZ.AX,ANZ GROUP FPO [ANZ],37.37,18.969542,1.5836087,0.0,70.0,4.44
JT,JT,0.0,0.0,0.0,0.0,50.0,0.0
CB,Chubb Limited,330.89,11.73785,1.692965,127.65732864,80.0,1.23
ADI,"Analog Devices, Inc.",417.15,48.058754,6.0247836,202.136485888,20.0,1.05
QCOM,QUALCOMM Incorporated,184.87,21.152174,7.0650053,197.452333056,45.0,1.99
ETN,"Eaton Corporation, PLC",436.11,44.455654,8.363089,169.385115648,20.0,1.01
DAL,"Delta Air Lines, Inc.",84.09,13.945272,2.5212123,55.299518464,80.0,1.02
2330.TW,TAIWAN SEMICONDUCTOR MANUFACTUR,2500.0,29.239765,10.078613,64830.924914688,40.0,1.12
XOM,ExxonMobil Holdings Corporation,164.01,21.108107,2.6000316,674.394669056,70.0,2.51
CON.DE,CONTINENTAL AG                I,68.1,0.0,3.2413135,0.0,55.0,3.96
ITW,Illinois Tool Works Inc.,262.92,23.643887,25.872862,74.879623168,45.0,2.62
BT,BT,0.0,0.0,0.0,0.0,50.0,0.0
WT,"WisdomTree, Inc.",24.38,44.32727,8.611797,3.693865216,20.0,49.0
ZURN.SW,ZURICH INSURANCE N,572.4,13.869639,3.5571473,85.498970112,70.0,5.24
AMGN,Amgen Inc.,403.04,25.064678,18.641998,217.896321024,40.0,2.5
6902.T,DENSO CORP,1808.0,11.098834,0.8865296,4532.91016192,90.0,4.09
BMW.DE,BAYERISCHE MOTOREN WERKE AG   S,54.32,5.2281036,0.3411739,32.514619392,100.0,8.1
ABBV,AbbVie Inc.,262.82,73.61905,-78.24353,464.433774592,35.0,2.63
ADBE,Adobe Inc.,237.69,13.263951,7.9000897,94.48177664,50.0,0.0
ET,Energy Transfer LP,20.47,13.738255,2.2043936,70.48433664,80.0,6.64
FT,FT,7.08,5.40458,0.7815432,0.0,100.0,7.2
BARC.L,BARCLAYS PLC ORD 25P,443.65,9.242709,0.91061157,59.237310464,100.0,2.59
UBER,"Uber Technologies, Inc.",68.11,14.87118,5.086632,139.118772224,65.0,0.0
MDLZ,"Mondelez International, Inc.",58.19,21.16,2.7971928,74.268368896,70.0,3.57
MO,"Altria Group, Inc.",67.35,14.089957,-42.14643,112.457244672,70.0,6.59
AT,Defiance Robotics Actuators ETF,20.6369,0.0,0.0,0.0,50.0,0.0
TMO,Thermo Fisher Scientific Inc,654.8,35.091103,4.595958,242.110529536,55.0,29.0
HUM,Humana Inc.,388.36,36.916348,2.4272346,46.634385408,65.0,91.0
SHW,Sherwin-Williams Company (The),319.51,29.50231,20.003132,77.56365824,40.0,1.0
AMZN,"Amazon.com, Inc.",251.52,20.234915,4.9167256,2712.973606912,55.0,0.0
8035.T,TOKYO ELECTRON,12100.0,9.67118,2.567212,27484.957442048,90.0,3.78
RIO.L,RIO TINTO PLC ORD 10P,7056.0,12.690647,2.3405507,114.758057984,80.0,4.94
PANW,"Palo Alto Networks, Inc.",403.24,1008.1,11.953872,329.850322944,15.0,0.0
NSC,Norfolk Southern Corporation,317.44,27.460207,4.3868327,71.299678208,55.0,1.7
CT,CT,0.0,0.0,0.0,0.0,50.0,0.0
BSX,Boston Scientific Corporation,42.6,17.530863,2.4721446,61.737177088,65.0,0.0
LLY,Eli Lilly and Company,1142.85,38.609795,30.073418,1019.126611968,40.0,61.0
TTE.PA,TOTALENERGIES,74.46,10.546742,1.46258,164.368564224,90.0,4.83
ACN,Accenture plc,198.9,15.89928,3.8161201,121.715277824,60.0,3.28
SAF.PA,SAFRAN,330.1,35.418457,9.430081,136.785453056,40.0,1.01
CVX,Chevron Corporation,206.69,19.91233,2.1352272,405.443805184,70.0,3.44
VOD.L,VODAFONE GROUP PLC ORD USD0.20 ,126.8,0.0,0.6736282,29.37608192,75.0,3.14
MT,Arcelor Mittal NY Registry Shar,64.51,27.105042,1.7746416,48.540004352,65.0,93.0
PT,PT,0.0,0.0,0.0,0.0,50.0,0.0
GILD,"Gilead Sciences, Inc.",144.74,0.0,15.184643,179.471122432,40.0,2.27
META,"Meta Platforms, Inc.",728.08,27.320076,7.1018343,1854.788337664,40.0,29.0
SIE.DE,SIEMENS AG                    N,276.1,27.55489,3.1308827,215.430955008,55.0,1.94
DHL.DE,DHL AG                        N,56.72,17.292683,2.824842,62.959202304,70.0,3.35
CL,Colgate-Palmolive Company,84.26,33.304348,284.66217,67.169783808,40.0,2.52
F,Ford Motor Company,12.1,0.0,1.350748,48.249909248,75.0,4.96
PG,Procter & Gamble Company (The),144.91,21.889729,6.3149867,336.57847808,45.0,3.0
NESN.SW,NESTLE N,74.78,25.875431,6.5827465,192.350601216,40.0,4.15
ABBN.SW,ABB LTD N,81.9,35.921055,11.186643,148.209057792,40.0,1.15
IBM,International Business Machines,222.64,20.039604,6.088383,209.756798976,45.0,3.04
ZTS,Zoetis Inc.,69.69,11.2767,0.0,28.797554688,70.0,3.04
RCL,Royal Caribbean Cruises Ltd.,277.74,16.671068,7.256813,74.282139648,45.0,2.16
BKNG,Booking Holdings Inc. Common St,159.02,17.787474,-11.178125,119.484530688,60.0,1.06
ULVR.L,UNILEVER PLC ORD 3.5P,4483.5,20.66129,6.994292,96.553926656,45.0,3.68
HD,"Home Depot, Inc. (The)",282.85,19.765898,16.98799,282.196508672,45.0,3.3
HEN3.DE,Henkel AG & Co. KGaA          I,72.3,15.38298,1.3973986,29.27072256,80.0,2.86
VZ,Verizon Communications Inc.,45.92,11.958333,1.8359188,190.787272704,80.0,6.16
ENR.DE,Siemens Energy AG             N,145.42,47.06149,11.534862,123.730395136,20.0,48.0
MQG.AX,MACQ GROUP FPO [MQG],245.63,0.0,0.0,0.0,50.0,0.0
DE,Deere & Company,687.0,38.166668,6.617796,185.232654336,40.0,94.0
SNPS,"Synopsys, Inc.",489.9,85.49738,3.013156,93.882785792,30.0,0.0
SYK,Stryker Corporation,275.43,28.24923,4.4042025,105.647521792,55.0,1.28
ROG.SW,ROG.SW,0.0,0.0,0.0,0.0,50.0,0.0
DHR,Danaher Corporation,214.06,38.15686,2.861535,150.481190912,65.0,75.0
4502.T,TAKEDA PHARMACEUTICAL CO LTD,5643.0,0.0,1.1799085,9013.48589568,75.0,3.62
COST,Costco Wholesale Corporation,920.65,44.05024,11.398273,408.09283584,20.0,64.0
GM,General Motors Company,78.27,34.941963,1.1071347,70.79141376,75.0,92.0
TSLA,"Tesla, Inc.",370.59,346.34576,16.84883,1463.662804992,15.0,0.0
TSM,Taiwan Semiconductor Manufactur,472.78,35.334827,97.21941,2452.061159424,40.0,86.0
9433.T,KDDI CORPORATION,2896.5,15.772708,2.1509154,10705.355931648,70.0,2.9
IFX.DE,INFINEON TECHNOLOGIES AG      N,64.64,78.82927,4.837599,83.999653888,35.0,54.0
NFLX,"Netflix, Inc.",67.06,21.288887,9.261151,279.233789952,40.0,0.0
KER.PA,KERING,210.3,0.0,1.7806039,25.786587136,65.0,1.43
7203.T,TOYOTA MOTOR CORP,2856.5,8.13007,0.9066539,33826.197733376,100.0,3.5
BDX,"Becton, Dickinson and Company",176.8,30.588234,1.9723998,48.157990912,65.0,2.38
DGE.L,DIAGEO PLC ORD 28 101/108P,1601.5,27.144068,4.381104,35.626655744,55.0,2.78
BLK,"BlackRock, Inc.",1059.63,25.38036,2.850736,172.164644864,65.0,2.16
RTX,RTX Corporation,184.68,32.45694,3.7498477,248.903958528,55.0,1.58
ABT,Abbott Laboratories,97.5,31.553398,3.3009446,168.712372224,55.0,2.58
REGN,"Regeneron Pharmaceuticals, Inc.",735.2,18.180021,2.3257654,75.692515328,70.0,51.0
LOW,"Lowe's Companies, Inc.",180.8,15.296109,-13.638079,101.438570496,60.0,2.77
NAB.AX,NAT. BANK FPO [NAB],38.5,19.25,1.9461153,0.0,70.0,4.42
V,Visa Inc.,360.66,30.668367,19.112877,677.086953472,40.0,74.0
TMUS,"T-Mobile US, Inc.",163.64,17.117153,3.126003,175.531982848,60.0,2.86
HT,HT,0.0,0.0,0.0,0.0,50.0,0.0
AAL,"American Airlines Group, Inc.",12.94,0.0,-2.1563072,8.56589056,50.0,0.0
KO,Coca-Cola Company (The),85.65,25.876133,10.195215,368.513318912,40.0,2.48
4503.T,ASTELLAS PHARMA,2245.0,13.831557,2.0720367,4025.316016128,80.0,3.56
IT,"Gartner, Inc.",184.8,16.618706,-71.13164,11.669931008,55.0,0.0
7974.T,NINTENDO CO LTD,7849.0,21.551937,3.1012182,9048.90155008,60.0,2.79
CSL.AX,CSL FPO [CSL],175.35,0.0,3.9749858,84.147716096,55.0,2.31
LT,LT,0.0,0.0,0.0,0.0,50.0,0.0
BHP.AX,BHP GROUP FPO [BHP],61.21,22.017986,4.2305365,311.127605248,60.0,3.95
HPQ,HP Inc.,32.12,12.259542,-314.90195,28.965525504,70.0,3.74
VT,Vanguard Total World Stock Inde,159.13,20.56339,0.0,0.0,60.0,1.55
BA,Boeing Company (The),193.56,69.37634,25.085535,152.984027136,15.0,0.0
CDNS,"Cadence Design Systems, Inc.",351.35,69.99004,14.109308,96.759332864,15.0,0.0
MDT,Medtronic plc.,86.38,21.275862,2.201213,110.491926528,70.0,3.33
PSA,Public Storage,283.81,27.106972,10.297522,53.030547456,40.0,4.23
DTE.DE,DEUTSCHE TELEKOM AG           N,26.56,14.921349,2.122423,127.026126848,80.0,3.77
DB1.DE,DEUTSCHE BOERSE AG            N,287.3,24.745909,5.0015664,51.79664384,60.0,1.46
CBA.AX,CWLTH BANK FPO [CBA],151.45,23.264208,3.2170699,253.1987456,60.0,3.33
FMG.AX,FORTESCUE FPO [FMG],16.19,12.082089,1.7007725,49.84844288,80.0,6.67
SLB,SLB Limited,48.74,23.775612,2.7743626,72.337145856,70.0,2.42
NT,NT,0.0,0.0,0.0,0.0,50.0,0.0
CAT,"Caterpillar, Inc.",845.42,35.58165,20.036972,388.61832192,40.0,77.0
GSK.L,GSK PLC ORD 31 1/4P,1779.5,15.080509,4.040645,71.305109504,60.0,3.82
BNR.DE,Brenntag SE                   N,58.6,23.253967,1.9082353,8.460982784,70.0,3.24
8001.T,ITOCHU CORP,2175.5,17.006723,2.2469044,15206.555058176,70.0,2.02
NOVN.SW,NOVARTIS N,116.34,21.386028,6.5176163,221.129162752,45.0,3.18
GT,The Goodyear Tire & Rubber Comp,4.84,0.0,0.49042454,1.393430016,70.0,0.0
EBAY,eBay Inc.,106.4,22.35294,10.149767,47.34799872,45.0,1.17
SHEL.L,SHELL PLC ORD EUR0.07,3596.5,10.546921,1.4684341,204.920832,90.0,3.22
ZT,ZT,0.0,0.0,0.0,0.0,50.0,0.0
PFE,"Pfizer, Inc.",27.8,37.066666,1.8597806,158.450925568,65.0,6.19
MA,Mastercard Incorporated,552.26,30.211159,86.3446,483.785244672,40.0,63.0
MU,"Micron Technology, Inc.",1074.89,14.77106,12.048311,1213.973397504,55.0,6.0
MMC,MMC,0.0,0.0,0.0,0.0,50.0,0.0
ZAL.DE,Zalando SE                    I,22.27,61.86111,2.1268265,5.438838272,40.0,0.0
NEE,"NextEra Energy, Inc.",76.83,17.149553,2.8052433,160.265715712,70.0,3.24
CI,The Cigna Group,270.53,11.183547,1.6738335,71.484973056,80.0,2.31
KMB,Kimberly-Clark Corporation,94.36,18.648222,17.932344,31.38215936,45.0,5.43
RT,RT,0.0,0.0,0.0,0.0,50.0,0.0
NKE,"Nike, Inc.",33.87,16.767326,3.3788905,50.24610304,60.0,4.84
EOAN.DE,E.ON SE                       N,17.02,12.992368,2.0965755,44.474589184,80.0,3.35
DUK,Duke Energy Corporation (Holdin,114.13,17.110945,1.6553534,88.987410432,70.0,3.8
MBG.DE,Mercedes-Benz Group AG        N,39.725,7.5236735,0.40034467,38.029938688,100.0,8.81
005930.KS,SamsungElec,276000.0,0.0,0.0,1812371.50908416,55.0,54.0
YT,YT,0.0,0.0,0.0,0.0,50.0,0.0
MRK,"Merck & Company, Inc.",144.3,114.52381,8.495232,356.0128512,20.0,2.36
CSX,CSX Corporation,47.43,27.102858,6.2391477,87.8628864,40.0,1.18
AXP,American Express Company,302.78,18.383728,5.9619966,204.470304768,60.0,1.26
JPM,JP Morgan Chase & Co.,332.38,14.246893,2.4989662,883.527974912,80.0,1.99
